patron_asase_ya;Dedicated to Asase Ya;Dédié à Asase;;;;;;;;;;;;x
patron_nyame;Dedicated to Nyame;Dédié à Nyame;;;;;;;;;;;;x
patron_anansi;Dedicated to Anansi;Dédié à Anansi;;;;;;;;;;;;x
patron_abosom;Dedicated to Abosom;Dédié à Abosom;;;;;;;;;;;;x
patron_tano;Dedicated to Tano;Dédié à Tano;;;;;;;;;;;;x
patron_nsamanfo;Dedicated to Nsamanfo;Dédié à Nsamanfo;;;;;;;;;;;;x